общий положение;0
общество ограниченный ответственность инновационный система управление именовать дальнейший общество создавать действовать соответствие гражданский кодекс российский федерация федеральный закон 08.02 N 14 общество ограниченный ответственность настоящий устав именовать дальнейший устав;0
наименование общество;0
полный фирменный наименование;0
общество ограниченный ответственность инновационный система управление;0
сокращать фирменный наименование;0
ооо инновационный система управление;0
место нахождение общество определяться место государственный регистрация территория российский федерация место нахождение постоянно действующий исполнительный орган;0
рф город москва город зеленоград;0
правовой статус общество;0
общество являться коммерческий корпоративный непубличный юридический лицо;0
общество считаться создавать данные юридический лицо считаться включать единый государственный реестр юридический лицо день внесение соответствующий запись реестр общество создаваться ограничение срок;0
общество вправе устанавливать порядок открывать банковский счет территория российский федерация предел;0
общество иметь круглый печать содержать полный фирменный наименование русский язык указание место нахождение общество общество вправе иметь штамп бланк свой фирменный наименование собственный эмблема также зарегистрировать устанавливать порядок товарный знак средство индивидуализация;0
общество иметь обособленный имущество отвечать свой обязательство собственный имущество свой имя приобретать осуществлять имущественный личный неимущественный право нести обязанность истец ответчик суд;0
общество иметь гражданский право нести гражданский обязанность необходимый осуществление любой вид деятельность запрещать федеральный закон это противоречить предмет цель деятельность определенный устав общество;0
отдельный вид деятельность перечень который определяться федеральный закон общество заниматься основание специальный разрешение лицензия допуск выполнение работа др;0
общество вести бухгалтерский статистический учет отчетность порядок предусматривать действующий законодательство нести ответственность достоверность;0
участник общество отвечать обязательство общество нести риск убыток связанный деятельность общество предел стоимость принадлежать доля общество отвечать обязательство участник общество исключение случай предусматривать действующий законодательство;0
участник общество полностью оплачивать доля нести солидарный ответственность обязательство общество предел стоимость неоплаченный часть доля каждый участник;0
филиал представительство общество;0
общество создавать филиал открывать представительство решение общий собрание участник общество принимать большинство менее 2 треть голос общий число голос участник общество;0
филиал представительство общество являться юридический лицо действовать основание утверждать общество положение общество наделять филиал представительство имущество;0
руководитель филиал представительство общество назначаться общество действовать основание доверенность;0
филиал представительство осуществлять свой деятельность имя общество ответственность деятельность филиал представительство общество нести общество;0
сведение представительство филиал должный указывать единый государственный реестр юридический лицо;0
дочерний общество;0
общество иметь дочерний зависимый хозяйственный общество право юридический лицо создавать территория российский федерация соответствие федеральный закон предел территория российский федерация также соответствие законодательство иностранный государство территория который создавать дочерний хозяйственный общество иной предусматривать международный договор российский федерация;0
дочерний общество отвечать долг общество основной хозяйственный товарищество общество отвечать солидарный дочерний общество сделка заключенный последний исполнение указание согласие основный хозяйственный товарищество общество случай несостоятельность банкротство дочерний общество вино общество последний нести субсидиарный ответственность долг;0
участник акционер дочерний общество вправе требовать возмещение общество убыток причинять действие бездействие дочерний хозяйственный общество;0
цель вид деятельность общество;0
общество создаваться осуществление коммерческий деятельность цель извлечение прибыль качество основной цель свой деятельность;0
реализация поставлять цель общество осуществлять любой вид деятельность запрещать действующий законодательство российский федерация;0
уставный капитал общество;0
уставный капитал общество составляться номинальный стоимость доля участник;0
размер уставный капитал общество составлять 20 000 двадцать тысяча рубль 00 копейка определять минимальный размер имущество гарантировать интерес кредитор;0
соотношение доля участник изменять;0
количество голос который обладать участник прямо пропорционально принадлежать доля;0
доля принадлежащий общество учитываться определение результат голосование общий собрание участник общество также распределение прибыль имущество общество случай ликвидация;0
каждый учредитель общество должный оплачивать полностью свой доля уставный капитал общество течение срок который определять договор учреждение общество любой случай течение 4 четыре месяц момент государственный регистрация общество;0
это доля каждый учредитель общество оплачивать цена ниже номинальный стоимость допускаться освобождение учредитель общество обязанность оплачивать доля уставный капитал общество;0
оплата уставный капитал хозяйственный общество должный вносить денежный средство сумма ниже минимальный размер уставный капитал;0
денежный оценка неденежный вклад уставный капитал хозяйственный общество должный проводить независимый оценщик участник хозяйственный общество вправе определять денежный оценка неденежный вклад размер превышать сумма оценка определенный независимый оценщик;0
вклад участник имущество общество мочь денежный средство вещь доля акция уставный складочный капитал хозяйственный товарищество общество государственный муниципальный облигация вклад также мочь подлежать денежный оценка исключительный иной интеллектуальный право право лицензионный договор иной вклад установленный закон;0
увеличение уставный капитал общество;0
увеличение уставный капитал общество допускаться полный оплата;0
увеличение уставный капитал общество осуществляться счет имущество общество счет дополнительный вклад участник общество также счет вклад третий лицо принимать общество;0
увеличение уставный капитал общество счет имущество общество;0
увеличение уставный капитал общество счет имущество осуществляться решение общий собрание участник общество принимать единогласно это решение увеличение уставный капитал общество счет имущество общество принимать основание данный бухгалтерский отчетность общество год предшествующий год течение который принимать решение;0
увеличение уставный капитал общество счет дополнительный вклад участник общество;0
решение увеличение уставный капитал общество счет внесение дополнительный вклад участник общество приниматься общий собрание участник общество единогласно;0
увеличение уставный капитал общество счет дополнительный вклад участник вклад третий лицо принимать общество;0
уставный капитал общество увеличивать счет дополнительный вклад основание заявление участник заявление участник общество вклад третий лицо принимать общество решение приниматься участник общество единогласно;0
заявление участник общество заявление третий лицо должный указывать размер состав вклад порядок срок внесение также размер доля который участник общество третий лицо хотеть иметь уставный капитал общество;0
внесение дополнительный вклад участник общество вклад третий лицо должно осуществлять поздно течение 6 шесть месяц день принятие общий собрание участник общество соответствовать решение;0
решение общий собрание участник общество принимать участник общество единогласно участник общество счет внесение дополнительный вклад третий лицо счет внесение вклад вправе зачитывать денежный требование общество;0
факт принятие решение общий собрание участник общество увеличение уставный капитал состав участник общество присутствовать принятие указанный решение должный подтверждать путем нотариальный удостоверение решение единственный участник общество увеличение уставный капитал подтверждаться подпись подлинность который должный засвидетельствовать нотариус;0
уменьшение уставный капитал общество;0
общество вправе случай предусматривать действующий законодательство обязанный уменьшать свой уставный капитал;0
окончание второй каждый последующий финансовый год стоимость чистый актив общество оказываться мало уставный капитал общество порядок срок который предусматривать закон общество ограниченный ответственность обязанный увеличивать стоимость чистый актив размер уставный капитал зарегистрировать устанавливать порядок уменьшение уставный капитал стоимость указанный актив общество становиться мало определенный закон минимальный размер уставный капитал общество подлежать ликвидация;0
уменьшение уставный капитал общество ограниченный ответственность допускаться уведомление кредитор это случай последний вправе потребовать досрочный прекращение исполнение соответствовать обязательство общество возмещение убыток;0
течение 3 рабочий день принятие общество решение уменьшение уставный капитал общество обязанный сообщать решение орган осуществлять государственный регистрация юридический лицо дважды периодичность месяц опубликовывать орган печать который публиковаться данные государственный регистрация юридический лицо уведомление уменьшение уставный капитал;0
имущество общество распределение прибыль;0
имущество общество образовываться счет вклад уставный капитал также счет иной источник предусматривать действующий законодательство российский федерация частность источник образование имущество общество являться;0
уставный капитал общество;0
доход получать общество результат ведение хозяйственный деятельность;0
кредит банк кредитор;0
вклад участник;0
иной источник запрещать законодательство российский федерация;0
имущество передавать участник общество пользование общество оплата свой доля случай выход исключение участник общество оставаться пользование общество течение срок который данный имущество передавать иной предусматривать договор учреждение общество;0
общество создавать резервный фонд иной фонд порядок размер который должный устанавливать устав;0
общество объединять часть свой имущество имущество иной юридический лицо совместный производство товар выполнение работа оказание услуга также иной цель запрещать закон;0
общество вправе ежеквартально полгода девять месяц год принимать решение распределение свой чистый прибыль участник общество решение определение часть прибыль общество распределять участник общество приниматься общий собрание участник общество;0
часть прибыль общество предназначать распределение участник распределяться пропорционально доля уставный капитал общество;0
общество вправе принимать решение распределение свой прибыль участник общество;0
полный оплата уставный капитал общество;0
выплата действительный стоимость доля часть доля участник общество случай предусматривать действующий законодательство рф;0
момент принятие решение общество отвечать признак несостоятельность банкротство соответствие федеральный закон несостоятельность банкротство указанный признак появляться общество результат принятие решение;0
момент принятие решение стоимость чистый актив общество мало уставный капитал резервный фонд случай резервный фонд образовывать становиться мало размер результат принятие решение;0
иной случай предусматривать федеральный закон;0
общество вправе выплачивать участник общество прибыль решение распределение который участник общество принимать;0
момент выплата общество отвечать признак несостоятельность банкротство соответствие федеральный закон несостоятельность банкротство указанный признак появляться общество результат выплата;0
момент выплата стоимость чистый актив общество мало уставный капитал резервный фонд случай резервный фонд образовывать становиться мало размер результат выплата;0
иной случай предусматривать действующий законодательство рф;0
участник общество;0
число участник общество должно пятьдесят противный случай оно подлежать преобразование акционерный общество течение год истечение это срок ликвидация судебный порядок число участник уменьшаться указанный предел;0
любой соглашение участник общество направлять ограничение правый любой участник сравнение право предоставлять действующий законодательство российский федерация ничтожный;0
учредитель участник общество некоторые вправе заключать договор осуществление свой корпоративный правый корпоративный договор соответствие который обязываться осуществлять право определенный образ воздерживаться отказываться осуществление число голосовать определенный образ общий собрание участник общество согласованно осуществлять иной действие управление общество приобретать отчуждать доля уставный капитал определенный цена наступление определенный обстоятельство либо воздерживаться отчуждение доля наступление определенный обстоятельство;0
право участник общество;0
участник общество вправе;0
участвовать управление дело общество число путем участие общий собрание участник лично либо свой представитель;1
получать информация деятельность общество знакомиться бухгалтерский книга иной документация;0
принимать участие распределение прибыль;1
избирать избранный орган управление контрольный орган общество;0
знакомиться протокол общий собрание делать выписка;1
получать случай ликвидация общество часть имущество оставаться расчет кредитор стоимость;0
обжаловать соответствующий орган общество действие бездействие должностной лицо общество;0
вносить предложение повестка день относить компетенция общий собрание участник;1
потребовать приобретение общество доля случай предусматривать федеральный закон общество ограниченный ответственность устав общество;0
требовать действовать имя общество возмещение причинять общество убыток;0
обращаться общество требование предоставлять информация касаться сделка число документ иной сведение подтверждать сделка нарушать интерес общество совершать условие существенно отличаться рыночный информация порядок устанавливать пункт 6 статья 45 федеральный закон 08.02 N 14 общество ограниченный ответственность;0
оспаривать действовать имя общество совершенный сделка основание предусматривать статья 174 гражданский кодекс российский федерация требовать применение последствие недействительность также применение последствие недействительность ничтожный сделка общество;0
требовать исключение участник общество судебный порядок выплата действительный стоимость доля участие участник свой действие бездействие причинять существенный вред общество либо иной образ существенно затруднять деятельность достижение цель ради который оно создаваться число грубо нарушать свой обязанность предусматривать закон настоящий устав;0
участник общество требовать возмещение причинять общество убыток либо признание сделка общество недействительный применение последствие недействительность сделка должный принимать разумный мера заблаговременный уведомление участник общество соответствовать случай общество намерение обращаться требование суд также предоставлять иной информация иметь отношение дело общество;0
пользоваться дополнительный право который мочь предусматривать устав общество учреждение предоставлять участник участник общество решение общий собрание участник общество;0
дополнительный право предоставлять определенный участник общество случай отчуждение доля часть доля приобретатель доля часть доля переходить;0
предоставление прекращение ограничение дополнительный правый предоставлять участник общество осуществляться решение общий собрание участник общество принимать участник общество единогласно предоставление прекращение ограничение дополнительный правый предоставлять определенный участник общество осуществляться решение общий собрание участник общество принимать большинство менее треть голос общий число голос участник общество условие участник общество который принадлежать дополнительный право голосовать принятие решение давать письменный согласие;0
обязанность участник общество;0
участник общество обязанный;0
участвовать образование имущество общество число оплачивать доля уставный капитал общество необходимый размер порядок способ срок который предусматривать действующий законодательство рф настоящий устав договор учреждение общество решение общий собрание участник;0
соблюдать требование устав условие договор учреждение общество выполнять решение орган управление общество принимать рамка компетенция;0
разглашать информация деятельность общество отношение который устанавливать требование обеспечение конфиденциальность;0
немедленно сообщать генеральный директор невозможность оплачивать заявлять доля уставный капитал;0
выполнять принимать обязательство отношение общество участник;0
оказывать содействие общество осуществление свой деятельность;0
участвовать принятие решение который общество продолжать свой деятельность соответствие закон участие необходимо принятие решение;0
совершать действие заведомый направлять причинение вред общество;0
совершать действие бездействие который существенно затруднять делать невозможный достижение цель ради который создавать общество;0
информировать своевременно общество изменение сведение свой имя наименование место жительство место нахождение также сведение принадлежать доля уставный капитал общество случай непредоставление участник общество информация изменение сведение общество нести ответственность причинять связь это убыток;0
доводить сведение общий собрание участник общество информация;0
подконтрольный юридический лицо;0
юридический лицо который занимать должность орган управление;0
наличие родственник указанный абзац второй пункт 1 статья 45 федеральный закон 08.02 N 14 общество ограниченный ответственность подконтрольный указанный родственник лицо подконтрольный организация наличие сведение;0
известный совершать предполагать сделка совершение который мочь признавать заинтересованный;0
выполнять иной возлагать дополнительный обязанность участник общество решение общий собрание участник общество принимать единогласно выполнять также дополнительный обязанность возлагать определенный участник решение общий собрание участник общество принимать большинство менее треть голос общий число голос участник общество условие участник общество который возлагаться обязанность голосовать принятие решение давать письменный согласие дополнительный обязанность возлагать определенный участник общество случай отчуждение доля часть доля приобретатель доля часть доля переходить;0
ведение список участник общество;0
общество вести список участник общество указание сведение каждый участник общество основание владение размер доля уставный капитал общество оплата также размер доля принадлежать общество дата переход общество приобретение общество;0
общество обязанный обеспечивать ведение хранение список участник общество момент государственный регистрация общество;0
лицо осуществлять функция единоличный исполнительный орган общество обеспечивать соответствие сведение участник общество принадлежать доля часть доля уставный капитал общество доля часть доля принадлежать общество сведение содержаться единый государственный реестр юридический лицо нотариально удостоверять сделка переход доля уставный капитал общество который становиться известно общество случай передача реестр соответствие п 13.3 сообщать указанный сведение нотариус;0
общий собрание участник общество вправе передавать федеральный нотариальный палата ведение хранение список участник общество;0
каждый участник общество обязанный информировать своевременно общество нотариус изменение сведение свой имя наименование место жительство место нахождение также сведение принадлежать доля уставный капитал общество случай непредставление участник общество информация изменение сведение общество нести ответственность причинять связь это убыток;0
выход участник общество исключение участник общество;0
выход участник общество настоящий устав предусматривать;0
данный право предоставлять участник решение общий собрание участник общество принимать участник общество единогласно внесение необходимый изменение настоящий устав общество;0
участник общество вправе требовать исключение участник общество судебный порядок выплата действительный стоимость доля участие участник свой действие бездействие причинять существенный вред общество либо иной образ существенно затруднять деятельность достижение цель ради который оно создаваться число грубо нарушать свой обязанность предусматривать закон учредительный документ общество;0
доля участник общество исключать общество переходить общество;0
общество обязанный выплачивать исключать участник общество действительный стоимость доля который определяться данный бухгалтерский отчетность общество последний отчетный период предшествующий дата вступление законный сила решение судно исключение согласие исключать участник общество выдавать натура имущество стоимость течение 1 год день возникновение соответствующий обязанность;0
переход доля часть доля залог доля уставный капитал приобретение общество доля уставный капитал;0
участник общество вправе продавать осуществлять отчуждение иной образ свой доля часть доля уставный капитал общество несколько участник данный общество предварительный письменный согласие остальной участник общество общество;0
участник общество вправе продавать свой доля часть доля уставный капитал общество третий лицо предварительный письменный согласие остальной участник общество общество;0
участник общество вправе осуществлять отчуждение свой доля часть доля уставный капитал общество третий лицо иной образ продажа;0
участник общество пользоваться преимущественный право покупка доля часть доля участник общество цена предложение третий лицо пропорционально размер свой доля;0
общество иметь преимущественный право покупка доля часть доля принадлежать участник общество цена предложение третий лицо участник общество использовать свое преимущественный право;0
участник общество предлагать возможность приобретение доля часть доля непропорционально размер доля;0
продажа доля часть доля нарушение преимущественный право покупка любой участник участник общество либо общество вправе течение 3 месяц момент участник участник общество либо общество узнавать либо должный узнавать нарушение потребовать судебный порядок перевод правый обязанность покупатель;0
уступка указанный преимущественный правый покупка доля часть доля уставный капитал общество допускаться;0
доля участник общество отчуждать полный оплата часть который оплачивать;0
участник общество намеренный продавать свой доля часть доля третий лицо обязанный извещать письменный форма это остальной участник общество общество путем направление общество свой счет оферта адресовать это лицо содержать указание цена условие продажа оферта продажа доля часть доля считаться получать участник общество момент получение общество оферта считаться неполученный срок поздно день получение общество участник общество поступать извещение отзыв;0
отзыв оферта продажа доля часть доля получение общество допускаться согласие участник общество;0
участник общество вправе воспользоваться преимущественный право покупка доля часть доля течение 30 тридцать день дата получение оферта общество;0
отказ отдельный участник общество использование преимущественный право покупка доля часть доля уставный капитал общество либо использование преимущественный право покупка весь предлагать продажа доля весь предлагать продажа часть доля участник общество мочь реализовывать преимущественный право покупка доля часть доля уставный капитал общество соответствующий часть пропорционально размер свой доля;0
случай течение срок установленный настоящий устав участник общество общество воспользоваться преимущественный право покупка доля часть доля предлагать продажа число образовываться результат использование преимущественный право покупка весь доля весь часть доля либо отказ отдельный участник общество общество преимущественный право покупка доля часть доля оставаться доля часть доля мочь продавать третий лицо цена который ниже установленный оферта общество участник цена условие который сообщать общество участник условие получение согласие остальной участник общество сделка;0
преимущественный право покупка доля часть доля уставный капитал общество участник общество прекращаться день;0
представление составлять письменный форма заявление отказ использование данный преимущественный право порядок предусматривать настоящий пункт;0
истечение срок использование данный преимущественный право;0
общество обязанный течение сорока пять день дата получение общество уведомление участник общество намереваться продавать осуществлять отчуждение иной образ свой доля часть доля уставный капитал общество несколько участник данный общество предоставлять участник письмо согласие письмо запрет продажа осуществление отчуждение иной образ свой доля часть доля участник общество уставный капитал общество несколько участник;0
письмо запрет либо письмо согласие предоставляться исполнительный орган общество основание решение общий собрание участник общество;0
общество направлять письмо запрет письмо согласие участник общество намереваться продавать осуществлять отчуждение иной образ свой доля часть доля уставный капитал общество несколько участник данный общество путем;0
заказной письмо уведомление адрес место нахождение участник общество указанный список участник общество;0
путем личный вручение письмо общество роспись участник общество;0
иной средство связь позволять идентифицировать надлежащий передача письмо общество участник общество;0
переход доля уставный капитал общество наследник правопреемник юридический лицо являться участник общество передача доля принадлежать ликвидировать юридический лицо учредитель участник иметь вещный право имущество обязательственный право отношение это юридический лицо допускаться согласие остальной участник общество;0
принятие наследник умерший участник общество наследство право умерший участник общество осуществляться обязанность исполняться лицо указанный завещание отсутствие лицо управляющий назначать нотариус;0
наследник умерший участник общество правопреемник юридический лицо являться участник общество намереваться получать доля участник общество основание правопреемство обязанный извещать это письменный форма остальной участник общество путем направление общество свой счет уведомление адресовать это лицо;0
уведомление должно содержать основание вступление наследство условие получение данна доля порядок правопреемство уведомление считаться получать участник общество момент получение общество;0
общество обязанный направлять участник общество уведомление наследник умерший участник общество правопреемник юридический лицо являться участник общество течение день момент получение соответствовать уведомление уведомление должно направлять любой средство связь позволять идентифицировать надлежащий передача уведомление участник общество;0
участник общество обязанный течение тридцать день момент получение соответствующий уведомление общество направлять общество заявление участник общество согласие отказ переход доля третий лицо порядок правопреемство;0
момент поступление заявление участник общество согласие отказ переход доля третий лицо порядок правопреемство общество обязанный течение рабочий день момент поступление указанный заявление направлять наследник умерший участник общество правопреемник юридический лицо являться участник общество любой средство связь позволять идентифицировать надлежащий передача заявление участник общество;0
сделка направлять отчуждение доля часть доля уставный капитал общество подлежать нотариальный удостоверение исключение случай предусматривать федеральный закон общество ограниченный ответственность несоблюдение нотариальный форма указывать сделка влечь недействительность;0
доля часть доля уставный капитал общество переходить приобретатель момент нотариальный удостоверение сделка направлять отчуждение доля часть доля уставный капитал общество либо случай требовать нотариальный удостоверение момент внесение единый государственный реестр юридический лицо соответствовать изменение основание правоустанавливающий документ;0
участник общество осуществлять отчуждение свой доля часть доля уставный капитал общество нести общество обязанность внесение вклад имущество возникать совершение сделка направлять отчуждение указанный доля часть доля уставный капитал общество солидарный приобретатель;0
нотариальный удостоверение сделка направлять отчуждение доля часть доля уставный капитал общество либо случай требовать нотариальный удостоверение момент внесение соответствовать изменение единый государственный реестр юридический лицо переход доля часть доля оспаривать судебный порядок путем предъявление иск арбитражный суд;0
продажа доля часть доля уставный капитал общество нарушение преимущественный право покупка доля часть доля любой участник участник общество либо общество течение месяц день участник участник общество либо общество узнавать должный узнавать нарушение вправе потребовать судебный порядок перевод правый обязанность покупатель;0
арбитражный суд рассматривать дело указанный иск обеспечивать участник общество общество возможность присоединяться ранее заявлять иск определение подготовка дело судебный разбирательство устанавливать срок течение который участник общество общество отвечать требование настоящее федеральный закон мочь присоединяться заявлять требование указанный срок составлять менее месяц;0
участник общество вправе передавать залог принадлежать доля часть доля уставный капитал общество участник общество;0
участник общество вправе передавать залог принадлежать доля часть доля уставный капитал общество третий лицо;0
договор залог часть доля уставный капитал общество подлежать нотариальный удостоверение несоблюдение нотариальный форма указывать сделка влечь недействительность;0
общество обязанный приобретать требование участник общество принадлежащий доля часть доля случай;0
получать согласие участник общество отчуждение доля часть доля участник общество;0
получать согласие участник общество общество продажа доля часть доля участник общество третий лицо участник общество общество воспользоваться преимущественный право покупка доля часть доля участник общество;0
случай принятие общий собрание участник общество решение совершение крупный сделка увеличение уставный капитал общество счет дополнительный вклад участник общество обязанный приобретать требование участник общество голосовать против принятие решение принимать участие голосование доля уставный капитал общество принадлежать это участник;1
данный требование предъявлять участник общество течение сорока пять день день участник общество узнавать должный узнавать принимать решение случай участник общество принимать участие общий собрание участник общество принимать решение подобный требование предъявлять течение сорока пять день день принятие;0
случай предусматривать пункт 15.34 15.35 настоящее устав течение 1 год день возникновение соответствующий обязанность общество обязанный выплачивать участник общество действительный стоимость доля уставный капитал общество определенный основание данный бухгалтерский отчетность общество последний отчетный период предшествующий день обращение участник общество соответствующий требование согласие участник общество выдавать натура имущество стоимость;0
доля участник общество исключать общество переходить общество это общество обязанный выплачивать исключать участник общество действительный стоимость доля порядок предусматривать подпункт 14.5 настоящее устав;0
случай согласие участник общество переход доля третий лицо порядок правопреемство продажа доля часть доля уставный капитал общество публичный торги поступать указанный срок доля часть доля переходить общество следующий день истечение тридцать дневный срок начинаться момент получение уведомление общество участник;0
это общество обязанный выплачивать наследник умерший участник общество правопреемник реорганизовывать юридический лицо участник общество участник ликвидировать юридический лицо участник общество собственник имущество ликвидировать учреждение государственный муниципальный унитарный предприятие участник общество лицо который приобретать доля часть доля уставный капитал общество публичный торги действительный стоимость доля часть доля определенный основание данный бухгалтерский отчетность общество последний отчетный период предшествующий день смерть участник общество день завершение реорганизация ликвидация юридический лицо день приобретение доля часть доля публичный торги либо согласие выдавать натура имущество стоимость;0
доля часть доля переходить общество дата;0
получение общество требование участник общество приобретение;0
истечение срок оплата доля уставный капитал общество предоставление компенсация предусматривать настоящий устав;0
вступление законный сила решение судно исключение участник общество общество;0
вступление законный сила решение судно передача доля часть доля общество случай нарушение порядок получение согласие участник общество общество нарушение запрет продажа отчуждение либо переход доля часть доля уставный капитал общество иной основание третий лицо;0
получение любой ечастник общество отказ дача согласие переход доля часть доля уставный капитал общество наследник гражданин правопреемник юридический лицо являться участник общество передача доля часть доля учредитель участник ликвидировать юридический лицо участник общество собственник имущество ликвидировать учреждение государственный муниципальный унитарный предприятие участник общество либо лицо который приобретать доля часть доля уставный капитал общество публичный торги;0
оплата общество действительный стоимость доля часть доля принадлежать участник общество требование кредитор;0
иной определенный действующий законодательство рф;0
общество обязанный выплачивать действительный стоимость доля часть доля уставный капитал общество либо выдавать натура имущество стоимость течение год день переход общество доля часть доля;0
доля принадлежащий общество учитываться определение результат голосование общий собрание участник общество распределение прибыль общество также имущество общество случай ликвидация;0
течение год день переход доля часть доля уставный капитал общество общество должный решение общий собрание участник общество распределять участник общество пропорционально доля уставный капитал общество предлагать приобретение либо некоторые участник общество третий лицо;0
распределение доля часть доля участник общество допускаться случай переход доля часть доля общество оплачивать предоставлять денежный компенсация который предоставляться участник общество случай общество прекращать право пользование имущество истечение срок который имущество передавать пользование общество оплата доля уставный капитал общество;0
продажа неоплаченный доля часть доля уставный капитал общество также доля часть доля принадлежать участник общество который предоставлять денежный иной компенсация порядок срок предусматривать федеральный закон общество ограниченный ответственность осуществляться цена который ниже номинальный стоимость доля часть доля;0
продажа доля часть доля приобретать общество осуществляться цена ниже цена который оплачивать общество связь переход доля часть доля иной цена определять решение общий собрание участник общество;0
продажа доля часть доля участник общество результат который изменяться размер доля участник также продажа доля часть доля третий лицо определение иной цена продавать доля осуществляться решение общий собрание участник общество принимать участник общество единогласно;0
распределять продавать установленный настоящий раздел срок доля часть доля уставный капитал общество должный погасить размер уставный капитал общество должный уменьшать величина номинальный стоимость доля часть доля;0
случай обращение взыскание доля часть доля участник общество уставный капитал общество долг участник общество вправе выплачивать кредитор действительный стоимость доля часть доля участник общество;0
решение общий собрание участник общество принимать участник общество единогласно действительный стоимость доля часть доля участник общество имущество который обращаться взыскание выплачивать кредитор остальной участник общество пропорционально доля уставный капитал общество;0
управление общество общий собрание участник;1
высокий орган управление общество являться общий собрание участник общество именовать дальнейший общий собрание участник компетенция общий собрание участник общество относиться;1
определение основной направление деятельность общество также принятие решение участие ассоциация объединение коммерческий организация;1
изменение устав общество число изменение размер уставный капитал общество принятие решение общество действовать основание типовой устав;1
образование исполнительный орган общество досрочный прекращение полномочие также принятие решение передача полномочие единоличный исполнительный орган общество управляющий утверждение управляющий условие договор определение условие участник общество подписывать имя общество договор единоличный исполнительный орган общество;1
принятие решение одобрение крупный сделка;1
принятие решение соответствие пп 16.4 устав предварительный согласие совершение сделка последующий одобрение сделка совершение который иметься заинтересованность;1
утверждение годовой отчет отчет заключенный общество отчетный год сделка совершение который иметься заинтересованность годовой бухгалтерский баланс;1
принятие решение распределение чистый прибыль общество участник общество;1
утверждение принятие документ регулировать внутренний деятельность общество внутренний документ общество;1
принятие решение размещение общество облигация иной эмиссионный ценный бумага;1
назначение аудиторский проверка утверждение аудитор определение размер оплата услуга;1
принятие решение реорганизация ликвидация общество;1
назначение ликвидационный комиссия ликвидатор утверждение ликвидационный баланс;1
принятие решение повод ограничение максимальный размер доля участник соотношение доля участник;1
принятие решение создание филиал открытие закрытие представительство;1
предоставление участник дополнительный правый возложение участник дополнительный обязанность также прекращение ограничение дополнительный правый предоставлять участник прекращение дополнительный обязанность прекращение ограничение дополнительный правый предоставлять определенный участник;1
возложение дополнительный обязанность определенный участник;1
принятие решение утверждение денежный оценка материальный вклад вносить уставный капитал;1
выражение согласие продажа доля переход доля наследник правопреемник юридический лицо залог доля часть доля участник третий лицо;1
утверждение положение устанавливать порядок определение размер вклад имущество непропорционально размер доля участник ограничение внесение вклад также внесение изменение устав регулировать внесение вклад имущество общество;1
принятие решение предоставление участник общество денежный компенсация случай прекращение общество право пользоваться имущество истечение срок который имущество передавать пользование общество качество вклад уставный капитал;1
принятие решение продажа доля принадлежать общество некоторые участник третий лицо;1
принятие решение выплата кредитор участник имущество который обращаться взыскание действительный стоимость доля часть доля уставный капитал участник общество пропорционально доля;1
принятие решение утверждение бизнес-план стратегический направление связанный создание продвижение программный продукт общество;1
определение порядок проведение общий собрание участник часть урегулировать настоящий устав законодательство рф;1
принятие решение передача федеральный нотариальный палата ведение хранение список участник общество реестр список участник общество ограниченный ответственность единый информационный система нотариат;1
решение иной вопрос предусматривать федеральный закон 08.02 N 14 общество ограниченный ответственность;1
вопрос относить закон исключительный компетенция общий собрание участник общество мочь передавать решение исполнительный орган общество;1
очередной общий собрание участник общество который утверждаться годовой результат деятельность общество проводиться ранее месяц поздно четыре месяц окончание финансовый год очередной общий собрание участник общество сзываться исполнительный орган общество;1
внеочередной общий собрание участник общество;0
внеочередной общий собрание участник общество проводиться случай определенный устав общество также любой иной случай проведение общий собрание требовать интерес общество участник;0
внеочередной общий собрание участник общество сзываться исполнительный орган общество инициатива требование аудитор также участник общество обладать совокупность менее десятый общий число голос участник общество;0
сделка совершение который иметься заинтересованность совершение получать согласие общий собрание участник общество требование единоличный исполнительный орган общество участник участник общество доля который совокупность составлять менее процент уставный капитал общество;0
исполнительный орган общество обязанный течение пять день дата получение требование проведение внеочередной общий собрание участник общество рассматривать данный требование принимать решение проведение внеочередной общий собрание участник общество отказ проведение решение отказ проведение внеочередной общий собрание участник общество принимать исполнительный орган общество случай;0
соблюдать установленный настоящий устав действующий законодательство порядок предъявление требование проведение внеочередной общий собрание участник общество;0
вопрос предлагать включение повестка день внеочередной общий собрание участник общество относиться компетенция соответствовать требование федеральный закон несколько вопрос предлагать включение повестка день внеочередной общий собрание участник общество относиться компетенция общий собрание участник общество соответствовать требование федеральный закон данные вопрос включаться повестка день исполнительный орган общество вправе вносить изменение формулировка вопрос предлагать включение повестка день внеочередной общий собрание участник общество также изменять предлагать форма проведение внеочередной общий собрание участник общество;0
несколько вопрос предлагать включение повестка день внеочередной общий собрание участник общество относиться компетенция общий собрание участник общество соответствовать требование федеральный закон данные вопрос включаться повестка день;0
исполнительный орган общество вправе вносить изменение формулировка вопрос предлагать включение повестка день внеочередной общий собрание участник общество также изменять предлагать форма проведение внеочередной общий собрание участник общество;0
наряду вопрос предлагать включение повестка день внеочередной общий собрание участник общество исполнительный орган общество собственный инициатива вправе включать дополнительный вопрос;0
случай принятие решение проведение внеочередной общий собрание участник общество указанный общий собрание должно проводить поздно сорока пять день день получение требование проведение;0
случай течение установленный настоящий устав срок принимать решение проведение внеочередной общий собрание участник общество принимать решение отказ проведение внеочередной общий собрание участник общество созывать орган лицо требовать проведение;0
данный случай исполнительный орган общество обязанный предоставлять указанный орган лицо список участник общество адрес;0
расход подготовка созыв проведение общий собрание мочь возмещать решение общий собрание участник общество счет средство общество;1
порядок созыв общий собрание участник общество;1
орган лицо созывать общий собрание участник общество обязанный поздно тридцать день проведение уведомлять это каждый участник общество заказной письмо адрес указанный список участник общество;0
уведомление должный указывать время место проведение общий собрание участник общество также предлагать повестка день;0
любой участник общество вправе вносить предложение включение повестка день общий собрание участник общество дополнительный вопрос поздно пятнадцать день проведение дополнительный вопрос исключение вопрос который относиться компетенция общий собрание участник общество соответствовать требование настоящее устав федеральный закон включаться повестка день общий собрание участник общество;0
орган лицо созывать общий собрание участник общество вправе вносить изменение формулировка дополнительный вопрос предлагать включение повестка день общий собрание участник общество;0
случай предложение участник общество первоначальный повестка день общий собрание участник общество вноситься изменение орган лицо созывать общий собрание участник общество обязанный поздно десять день проведение уведомлять участник общество вносить повестка день изменение;0
информация материал подлежащее предоставление участник общество подготовка общий собрание участник общество относиться годовой отчет общество отчет заключенный общество отчетный год сделка совершение который иметься заинтересованность заключение аудитор случай проверка годовой отчет годовой бухгалтерский баланс общество сведение кандидат кандидат исполнительный орган общество проект изменение дополнение вносить устав общество проект устав общество новый редакция проект внутренний документ общество также иной информация материал предусмотренный настоящий устав;0
орган лицо созывать общий собрание участник общество обязанный направлять участник общество информация материал вместе уведомление проведение общий собрание участник общество случай изменение повестка день соответствующий информация материал направляться вместе уведомление изменение;1
указанный информация материал течение тридцать день проведение общий собрание участник общество должный предоставлять участник общество ознакомление помещение исполнительный орган общество общество обязанный требование участник общество предоставлять копия указанный документ плата взимать общество предоставление данный копия превышать затрата изготовление;0
случай нарушение установленный настоящий статья порядок созыв общий собрание участник общество общий собрание признаваться правомочный немой участвовать участник общество;0
порядок проведение общий собрание участник общество;1
открытие общий собрание участник общество проводиться регистрация прибывать участник общество;1
участник общество вправе участвовать общий собрание лично свой представитель представитель участник общество должный предъявлять документ подтверждать надлежащий полномочие доверенность выдавать представитель участник общество должный содержать сведение представлять представитель имя наименование место жительство место нахождение паспортный данные оформлять соответствие требование гражданский кодекс российский федерация удостоверять нотариально;1
зарегистрироваться участник общество представитель участник общество вправе принимать участие голосование;1
общий собрание участник общество открываться указанный уведомление проведение общий собрание участник общество время участник общество зарегистрировать ранее;1
общий собрание участник общество открываться лицо осуществлять функция единоличный исполнительный орган общество общий собрание участник общество созвать аудитор участник общество открывать аудитор участник общество созвать данный общий собрание;1
лицо открывать общий собрание участник общество проводить выборы председательствующий число участник общество голосование вопрос избрание председательствующий каждый участник общий собрание участник общество иметь голос решение указанный вопрос приниматься большинство голос общий число голос участник общество иметь право голосовать данный общий собрание;1
исполнительный орган общество организовывать ведение протокол общий собрание участник общество;1
протокол общий собрание участник общество подшиваться книга протокол который должный любой время предоставляться любой участник общество ознакомление требование участник общество выдаваться выписка книга протокол удостоверять исполнительный орган общество;1
поздно течение десять день составление протокол общий собрание участник общество исполнительный орган общество иной осуществлять ведение указанный протокол лицо обязанный направлять копия протокол общий собрание участник общество участник общество порядок предусматривать сообщение проведение общий собрание участник общество;1
общий собрание участник общество вправе принимать решение вопрос повестка день сообщать участник общество исключение случай данный общий собрание участвовать участник общество;1
решение вопрос предусматривать пп 16.1 16.1 16.1 16.1 16.1 16.1 16.1 16.1 16.1 16.1 16.1 16.1 16.1 16.1 устав также иной вопрос определенный настоящий устав также федеральный закон 08.02 N 14 общество ограниченный ответственность приниматься участник общество единогласно;1
решение вопрос предусматривать пп 16.1 устав также пп 16.1 устав случай крупный сделка одновременно являться сделка совершение который иметься заинтересованность вопрос согласие совершение сделка вынести рассмотрение общий собрание участник общество приниматься квалифицированный большинство менее ⅔ треть голос общий число голос участник общество заинтересованный совершение сделка;1
решение вопрос предусматривать пп 16.1 устав приниматься квалифицированный большинство менее ⅔ треть голос общий число голос участник общество условие участник общество который возлагаться дополнительный обязанность голосовать принятие решение давать письменный согласие;1
остальной решение приниматься большинство голос общий число голос участник общество;1
решение приниматься открытый голосование;1
решение общий собрание участник общество принимать проведение собрание совместный присутствие участник общество обсуждение вопрос повестка день принятие решение вопрос поставлять голосование путем проведение заочный голосование опросный путем голосование проводить путем обмен документ посредством почтовый телеграфный телетайпный телефонный электронный иной связь обеспечивать аутентичность передавать принимать сообщение документальный подтверждение;1
порядок проведение заочный голосование определяться внутренний документ общество который должный предусматривать обязательность сообщение участник общество предлагать повестка день возможность ознакомление участник общество начинать голосование необходимый информация материал возможность вносить предложение включение повестка день дополнительный вопрос обязательность сообщение участник общество начинать голосование изменять повестка день также срок окончание процедура голосование;1
принятие общий собрание участник общество решение состав участник общество присутствовать принятие подтверждаться подписание протокол общий собрание участник общество присутствовать собрание либо иной способ утверждать решение общий собрание участник общество принимать участник единогласно;1
общество состоять участник решение вопрос относиться компетенция общий собрание участник общество приниматься единственный участник общество единолично оформляться письменно;1
способ указанный пп 16.6 16.6 устав применяться случай указанный пункт 7.8 устав;1
единоличный исполнительный орган общество;0
единоличный исполнительный орган общество являться генеральный директор общество именовать дальнейший генеральный директор избираться общий собрание участник общество срок 3 год переизбираться неограниченный число;0
генеральный директор избирать участник представитель участник юридический лицо общество либо любой лицо обладать мнение большинство участник общество необходимый знание опыт;0
решение общий собрание участник полномочие единоличный исполнительный орган общество мочь передавать договор управлять организация управляющий условие заключать договор утверждаться общий собрание участник общество;0
генеральный директор обязанный свой деятельность соблюдать требование действующий законодательство российский федерация руководствоваться требование настоящее устав решение общий собрание участник принимать рамка компетенция также заключенный общество договор соглашение число заключенный общество трудовой договор;0
генеральный директор обязанный действовать интерес общество добросовестно разумно;0
генеральный директор равно управлять организация управлять нести ответственность общество убыток причинять общество виновный действие бездействие иной основание размер ответственность устанавливать федеральный закон;0
единоличный исполнительный орган общество;0
доверенность действовать имя общество число представлять интерес совершать сделка;0
выдавать доверенность право представительство имя общество число доверенность право передоверие;0
издавать приказ назначение должность работник общество перевод увольнение применять мера поощрение налагать дисциплинарный взыскание утверждать штатный расписание общество;0
организовывать ведение бухгалтерский учет отчетность документооборот общество;0
заключать договор аудитор общество;0
открывать банковский учреждение российский федерация рубеж счет общество;0
созывать общий собрание участник открывать это собрание проводить выборы председательствующий;0
осуществлять ведение список участник общество делать выписка список участник общество;0
организовывать ведение протокол собрание итог заочный голосование;0
представлять утверждение общий собрание участник годовой отчет отчет заключенный общество отчетный год сделка совершение который иметься заинтересованность годовой бухгалтерский баланс общество;0
организовывать ведение список аффилировать лицо общество хранение документ общество;0
осуществлять иной полномочие относить настоящий устав действующий законодательство компетенция общий собрание участник;0
заместитель генеральный директор назначаться генеральный директор соответствие штатный расписание возглавлять направление работа соответствие распределение обязанность утверждать генеральный директор;0
заместитель генеральный директор предел свой компетенция доверенность действовать имя общество отсутствие генеральный директор также иной случай генеральный директор исполнять свой обязанность функция исполнять назначать заместитель;0
право подпись финансовый документ предоставлять генеральный директор;0
проверка контроль финансовый деятельность;0
проверка подтверждение правильность годовой отчет отчет заключенный общество отчетный год сделка совершение который иметься заинтересованность бухгалтерский баланс общество вправе решение общий собрание участник привлекать профессиональный аудитор аудиторский фирма связанный имущественный интерес общество лицо осуществлять функция генеральный директор участник общество;0
аудиторский проверка проводить также требование любой участник случай проведение проверка оплата услуга аудитор осуществляться счет участник общество требование который проводиться;0
расход участник общество оплата услуга аудитор мочь возмещать решение общий собрание участник общество счет средство общество;0
привлечение аудитор проверка подтверждение правильность годовой отчет отчет заключенный общество отчетный год сделка совершение который иметься заинтересованность бухгалтерский баланс общество обязательно случай предусматривать действующий законодательство российский федерация;0
аудитор проводить проверка годовой отчет отчет заключенный общество отчетный год сделка совершение который иметься заинтересованность бухгалтерский баланс общество утверждение общий собрание участник общество общий собрание участник вправе утверждать годовой отчет отчет заключенный общество отчетный год сделка совершение который иметься заинтересованность бухгалтерский баланс общество отсутствие заключение аудитор;0
аудитор вправе привлекать свой работа эксперт консультант работа который оплачиваться счет общество;0
аудитор обязанный потребовать созыв внеочередной общий собрание участник возникать серьезный угроза интерес общество;0
бухгалтерский учет финансовый отчетность;0
финансовый год общество совпадать календарный год;0
общество обязанный весть бухгалтерский учет представлять финансовый отчетность порядок устанавливать законодательство;0
ответственность организация состояние достоверность бухгалтерский учет общество своевременный представление ежегодный отчет финансовый отчетность соответствующий орган также сведение деятельность общество представлять участник кредитор нести лицо осуществлять функция единоличный исполнительный орган общество;0
общество обязанный случай публичный размещение облигация иной эмиссионный ценный бумага ежегодно публиковать годовой отчет бухгалтерский баланс;0
порядок хранение документ;0
общество обязанный хранить следующий документ;0
договор учреждение общество решение учреждение общество устав общество также вносить устав общество зарегистрировать устанавливать порядок изменение;0
протокол протокол собрание учредитель участник общество содержать решение создание общество утверждение денежный оценка неденежный вклад уставный капитал общество также иной решение связанный создание общество;0
документ подтверждать государственный регистрация общество;0
документ подтверждать право общество имущество находиться баланс;0
внутренний документ общество;0
положение филиал представительство общество;0
документ связанный эмиссия облигация иной эмиссионный ценный бумага общество;0
протокол общий собрание участник общество;0
список аффилировать лицо общество;0
заключение аудитор государственный муниципальный орган финансовый контроль;0
иной документ предусматривать федеральный закон иной правовой акт российский федерация устав общество внутренний документ общество решение общий собрание участник общество исполнительный орган общество;0
общество хранить документ предусматривать пункт 20.1 настоящий статья место нахождение единоличный исполнительный орган иной место известный доступный участник общество;0
порядок предоставление информация;0
требование участник общество аудитор любой заинтересованный лицо общество обязанный разумный срок предоставлять возможность ознакомляться устав общество число изменение общество обязанный требование участник общество предоставлять копия действующий устав общество плата взимать общество предоставление копия превышать затрата изготовление;0
реорганизация ликвидация общество;0
общество добровольно реорганизовывать порядок предусматривать закон реорганизация общество осуществлять форма слияние присоединение разделение выделение преобразование реорганизация вноситься соответствующий изменение настоящий устав;0
допускаться реорганизация общество одновременный сочетание различный форма общество вправе преобразовываться акционерный общество хозяйственный товарищество производственный кооператив;0
реорганизовывать общество внесение единый государственный реестр юридический лицо запись начало процедура реорганизация дважды периодичность месяц помещать средство массовый информация который опубликовываться данные государственный регистрация юридический лицо сообщение реорганизация порядок устанавливать ст 51 федеральный закон 08.02 N 14 общество ограниченный ответственность;0
общество ликвидировать добровольно либо решение судно основание предусматривать гражданский кодекс российский федерация;0
ликвидация общество влечь прекращение деятельность переход правый обязанность порядок правопреемство лицо ликвидация общество осуществляться порядок устанавливать гражданский кодекс российский федерация законодательный акт учет положение настоящее устав;0
решение общий собрание участник общество добровольный ликвидация общество назначение ликвидационный комиссия ликвидатор приниматься общий собрание участник общество;0
момент назначение ликвидационный комиссия ликвидатор переходить полномочие управление дело общество число представление общество суд;0
решение ликвидационный комиссия приниматься простой большинство голос общий число член комиссия ликвидатор –;0
 единолично;0
реорганизация прекращение деятельность общество документ управленческий финансовый личный состав др передаваться соответствие установленный правило организация;0
отсутствие правопреемник документ постоянный хранение иметь научно значение передаваться государственный хранение государственный архивный учреждение документ личный состав приказ личный дело лицевой счет т передаваться хранение архив административный округ территория который находиться общество;0
иметься общество денежный средство недостаточно удовлетворение требование кредитор ликвидационный комиссия ликвидатор осуществлять продажа имущество общество который соответствие закон допускаться обращение взыскание публичный торги исключение объект стоимость сто тысяча рубль согласно утверждать промежуточный ликвидационный баланс продажа который проведение торги требоваться;0
завершение расчет кредитор ликвидационный комиссия ликвидатор составлять ликвидационный баланс который утверждаться общий собрание участник общество;0
оставаться завершение расчет кредитор имущество ликвидировать общество распределяться ликвидационный комиссия ликвидатор участник общество порядок очередность установленный ст 58 федеральный закон 08.02 N 14 общество ограниченный ответственность;0
ликвидация общество считаться завершать момент внесение соответствующий запись единый государственный реестр юридический лицо;0
полномочие ликвидационный комиссия ликвидатор прекращаться момент завершение ликвидация общество;0
заключительный положение;0
настоящий устав вступать сила третий лицо момент государственный регистрация действовать момент прекращение деятельность общество изменение дополнение настоящий устав вступать сила момент государственный регистрация изменение дополнение;0
